CUST_ID,CUST_NAME,CUSR_ADDRESS,CUST_MOB,CUST_EMAIL,create_date,update_date
1,Donovan,Hulste,1-183-301-3018,sit.amet.massa@ipsumprimisin.edu,34:10.4,NULL
2,Kane,Luton,905-3956,Nullam.vitae@atarcu.edu,34:10.4,NULL
3,Melvin,Thisnes,1-182-995-8931,fermentum.arcu.Vestibulum@DonecfringillaDonec.edu,34:10.4,NULL
4,Dexter,Cassano Spinola,704-7543,Proin.vel@seddictum.edu,34:10.4,NULL
5,Travis,Penzance,1-789-718-2177,mi.pede.nonummy@nonmassanon.ca,34:10.4,NULL
6,Joel,Wiekevorst,783-9901,tristique.pellentesque@atsem.co.uk,34:10.4,NULL
7,Zeus,Saguenay,1-142-209-9498,Nullam.enim.Sed@gravida.org,34:10.4,NULL
8,Graham,Achalpur,1-123-193-6130,sociis.natoque@idnunc.ca,34:10.4,NULL
9,Gage,Cagnes-sur-Mer,464-5349,dui@Maurisvelturpis.edu,34:10.4,NULL
10,Alan,Châteauroux,1-507-382-8304,vitae.sodales.nisi@Curabitur.org,34:10.4,NULL
11,Blake,Belmont,1-811-762-4393,a.malesuada.id@nequeseddictum.com,34:10.4,NULL
12,Baker,Poitiers,286-8009,adipiscing.Mauris@gravidamauris.com,34:10.4,NULL
13,Upton,Bolzano Vicentino,445-0490,blandit@scelerisquelorem.org,34:10.4,NULL
14,Sean,Dollard-des-Ormeaux,396-6328,ut.lacus.Nulla@Naminterdumenim.org,34:10.4,NULL
15,Wing,Rabbi,283-2849,Fusce.mi.lorem@IntegermollisInteger.co.uk,34:10.4,NULL
16,Seth,Santarcangelo di Romagna,416-0441,sociis@mieleifendegestas.net,34:10.4,NULL
17,Wayne,Seattle,785-2557,vitae.posuere.at@Fusce.org,34:10.4,NULL
18,Yoshio,Castlegar,576-2499,scelerisque@fringillaornare.ca,34:10.4,NULL
19,William,Santa Croce sull'Arno,1-284-207-8841,lacinia@inconsectetueripsum.edu,34:10.4,NULL
20,Seth,Cabras,234-6384,Integer.vitae@sit.com,34:10.4,NULL
21,Graiden,Plancenoit,706-7615,Mauris@interdum.co.uk,34:10.4,NULL
22,Nero,Madison,1-998-264-3714,porttitor.vulputate.posuere@sociosqu.com,34:10.4,NULL
23,Rashad,Ergani,547-2205,arcu.Sed@nec.edu,34:10.4,NULL
24,Nicholas,Rocky View,1-678-698-1900,sem@vel.net,34:10.4,NULL
25,Hunter,Idaho Falls,1-588-587-5499,Fusce@adlitoratorquent.com,34:10.4,NULL
26,Brennan,Lamorteau,1-289-852-3546,ut.nulla@aenim.ca,34:10.4,NULL
27,Fitzgerald,Paternopoli,720-6823,sit.amet.metus@elitNullafacilisi.net,34:10.4,NULL
28,Phelan,Potsdam,1-813-426-4200,Curabitur.ut.odio@ultrices.org,34:10.4,NULL
29,Jeremy,Toulon,849-0179,a.sollicitudin.orci@dolorsit.org,34:10.4,NULL
30,Cairo,Meix-le-Tige,334-0820,enim.Etiam@eratSednunc.ca,34:10.4,NULL
31,Giacomo,Ceranesi,1-781-268-9094,posuere@dui.co.uk,34:10.4,NULL
32,August,Reutlingen,142-9654,laoreet.posuere@fringillaeuismodenim.com,34:10.4,NULL
33,Hedley,Laramie,1-824-854-2345,Pellentesque.tincidunt.tempus@lobortismaurisSuspendisse.org,34:10.4,NULL
34,Ezekiel,Belém,1-652-623-7224,Proin.ultrices.Duis@Inscelerisque.net,34:10.4,NULL
35,Ross,Drancy,762-9483,erat.vel@nonantebibendum.ca,34:10.4,NULL
36,Brennan,Shreveport,554-8001,pede.Cum.sociis@posuere.co.uk,34:10.4,NULL
37,Aaron,Casalbuono,131-9842,volutpat.ornare@tinciduntaliquamarcu.org,34:10.4,NULL
38,Beck,Pukekohe,589-3303,penatibus@lacusAliquamrutrum.co.uk,34:10.4,NULL
39,Ferris,Meerut,1-511-400-9494,magna@risus.co.uk,34:10.4,NULL
40,Noble,Iowa City,974-2104,Nulla.eget.metus@sagittis.ca,34:10.4,NULL
41,Cedric,Juneau,566-0851,venenatis@etmalesuada.co.uk,34:10.4,NULL
42,Solomon,Bowling Green,562-8789,rutrum.lorem@enimEtiam.ca,34:10.4,NULL
43,Magee,Hallaar,845-7510,Suspendisse.commodo@laciniaat.edu,34:10.4,NULL
44,Raphael,Malegaon,1-332-405-5819,augue@acorci.org,34:10.4,NULL
45,Xenos,Macchia Valfortore,1-289-472-0470,lectus@in.co.uk,34:10.4,NULL
46,Cody,Feilding,181-7151,ut@nislsem.com,34:10.4,NULL
47,Jackson,Bowden,1-875-604-3183,in.aliquet.lobortis@Nunc.net,34:10.4,NULL
48,Moses,Fortaleza,823-3301,mi.lacinia@etcommodo.edu,34:10.4,NULL
49,Nicholas,Widooie,957-4497,bibendum@etmagnisdis.com,34:10.4,NULL
50,Wylie,El Quisco,1-308-512-3868,In.nec@acurna.edu,34:10.4,NULL
51,Slade,Cowdenbeath,1-418-199-0044,odio@aarcuSed.net,34:10.4,NULL
52,Demetrius,Rewa,664-4254,ligula.Aliquam@arcuvel.org,34:10.4,NULL
53,Francis,Tezze sul Brenta,305-8014,non@facilisisloremtristique.com,34:10.4,NULL
54,Mannix,Poitiers,1-539-271-4041,tincidunt@velquamdignissim.ca,34:10.4,NULL
55,Noble,Broxburn,1-789-148-5062,odio.Phasellus.at@Donecnon.com,34:10.4,NULL
56,Neil,Cap-Rouge,363-1640,nec@sitametrisus.ca,34:10.4,NULL
57,James,Sunshine Coast Regional District,1-750-341-6710,dignissim.pharetra@eratnequenon.org,34:10.4,NULL
58,Gregory,Perwez,167-6729,diam.vel.arcu@mauriseu.co.uk,34:10.4,NULL
59,Bevis,Borno,1-115-574-0809,velit.in@Mauris.co.uk,34:10.4,NULL
60,Travis,Beverlo,1-892-517-0646,nisi@amifringilla.co.uk,34:10.4,NULL
61,Kenyon,Charlottetown,448-4181,lorem.eget@ornare.edu,34:10.4,NULL
62,Octavius,Nemi,1-468-984-1362,consectetuer.ipsum@Mauris.edu,34:10.4,NULL
63,Travis,Savannah,933-4169,Ut.tincidunt.vehicula@enim.edu,34:10.4,NULL
64,Yoshio,Monticelli d'Ongina,1-351-379-4977,nulla.Integer.urna@penatibuset.org,34:10.4,NULL
65,Armand,Barddhaman,526-1772,at@ultricessitamet.com,34:10.4,NULL
66,Tucker,Middlesbrough,452-2711,cubilia@metus.net,34:10.4,NULL
67,Ahmed,Cochrane,255-6103,sit.amet@adipiscingelitAliquam.ca,34:10.4,NULL
68,Nicholas,Tulita,766-7320,quis.diam@elit.org,34:10.4,NULL
69,Wallace,Appleby,288-0032,gravida@purusDuis.edu,34:10.4,NULL
70,Avram,Ajax,1-609-627-3553,Vivamus.rhoncus@orciDonec.co.uk,34:10.4,NULL
71,Kadeem,Matagami,1-477-677-5080,iaculis@risusIn.net,34:10.4,NULL
72,Graham,L'Hospitalet de Llobregat,1-144-815-8366,molestie.orci@maurisipsum.org,34:10.4,NULL
73,Steel,Kenosha,298-4861,varius.orci@musProin.org,34:10.4,NULL
74,Wing,Bursa,515-4357,volutpat.Nulla@eusemPellentesque.org,34:10.4,NULL
75,Colin,Yerbas Buenas,745-7563,nec@commodo.com,34:10.4,NULL
76,Daquan,Chiusanico,107-3651,urna@erategettincidunt.org,34:10.4,NULL
77,Hayden,Minervino di Lecce,1-714-157-3762,dolor.egestas.rhoncus@risusa.co.uk,34:10.4,NULL
78,Blaze,Saarlouis,1-332-771-3933,dapibus.rutrum.justo@Fusce.net,34:10.4,NULL
79,Austin,Madison,211-9094,senectus@Etiamvestibulummassa.org,34:10.4,NULL
80,Nero,Puchuncaví,1-738-156-9514,at.libero.Morbi@a.co.uk,34:10.4,NULL
81,Harlan,Neumünster,651-2560,velit.Cras.lorem@fringillaDonec.com,34:10.4,NULL
82,Judah,Retford,1-524-766-3907,et.netus.et@sedsapienNunc.ca,34:10.4,NULL
83,Chancellor,Rapone,950-0174,nec@feugiatLorem.ca,34:10.4,NULL
84,Eric,Keswick,660-2033,lobortis@dictum.net,34:10.4,NULL
85,Dalton,Medicine Hat,709-4919,eros.non@sempertellus.org,34:10.4,NULL
86,Eagan,Worksop,186-2772,Integer.eu.lacus@at.com,34:10.4,NULL
87,Dale,Maasmechelen,1-864-680-8092,Suspendisse@eumetusIn.ca,34:10.4,NULL
88,Gabriel,Scala Coeli,1-451-912-5070,egestas.rhoncus.Proin@ipsumleoelementum.com,34:10.4,NULL
89,Cullen,Giove,190-5195,auctor@Donec.net,34:10.4,NULL
90,Erasmus,Serramonacesca,110-4823,Donec.feugiat.metus@risusvariusorci.org,34:10.4,NULL
91,Driscoll,Latronico,100-9768,molestie@semper.org,34:10.4,NULL
92,Steven,Junagadh,281-5684,augue.scelerisque.mollis@egestas.co.uk,34:10.4,NULL
93,Dylan,Lewiston,1-761-437-7066,arcu.Vestibulum@Nulla.net,34:10.4,NULL
94,Gil,Colmar,1-828-370-2590,In.at.pede@enimSuspendissealiquet.net,34:10.4,NULL
95,Dylan,Owen Sound,712-2268,vel.quam.dignissim@tincidunt.net,34:10.4,NULL
96,Barry,Meerut Cantonment,1-616-714-8043,nulla.Donec.non@elitpretiumet.com,34:10.4,NULL
97,Dean,Vergnies,389-5639,lorem.fringilla.ornare@vulputatemauris.net,34:10.4,NULL
98,Channing,Mersin,561-2958,ipsum.dolor.sit@nectempusscelerisque.ca,34:10.4,NULL
99,Mark,Kozhikode,1-743-706-3119,metus@utpellentesqueeget.co.uk,34:10.4,NULL
